pdb,coordinating_residues,metal_indices,metal
6BIG,"[{304, 484, 238, 183}]",[3764],CO
5U7F,"[{56, 60, 117}, {40, 60, 117}]","[2344, 2345]",CO
1QXY,"[{104, 233, 202, 168}, {104, 233, 93}]","[1904, 1905]",CO
4LIT,"[{161, 221, 159}]",[2886],CO
3WTR,"[{98, 59, 63}]",[1128],CO
5IAX,"[{129, 193, 127}]",[3063],CO
5Y9I,"[{146, 148, 260}]",[2396],CO
6VCG,"[{289, 467, 172, 222}]",[3607],CO
4IU6,"[{240, 336, 367, 303}, {240, 229, 367}]","[2396, 2397]",CO
2XTS,"[{299, 409, 259}]",[9200],CO
2QB7,"[{41, 148, 127}]",[3138],CO
2D2X,"[{262, 246, 183}]",[5471],CO
1RR2,"[{184, 217, 215, 23}]",[3662],CO
4MET,"[{97, 140, 101, 95}, {280, 273, 275, 319}]","[5994, 5995]",CO
3ZGJ,"[{261, 340, 181}]",[2449],CO
3D03,"[{8, 10, 50, 197}, {80, 50, 195, 156}]","[12858, 12859]",CO
4D07,"[{0, 30, -2, -1}]",[841],CO
1M38,"[{120, 115, 152}]",[4498],CO
1DZI,"[{11, 153, 155, 221}]",[1861],CO
4OB1,"[{112, 113, 108, 111}]",[3461],CO
2DFI,"[{280, 82, 93}, {280, 153, 187, 93}]","[4710, 4711]",CO
4OB3,"[{112, 113, 108, 111}]",[3477],CO
2Y8U,"[{48, 97, 101}]",[1624],CO
4JPX,"[{184, 138, 143}]",[2198],CO
1R6X,"[{168, 235, 236}]",[3113],CO
1OV8,"[{57, 122, 127}]",[1010],CU
6SYY,"[{514, 451, 509, 519}, {456, 161, 508}, {120, 510, 159}]","[3700, 3701, 3703]",CU
3S8F,"[{233, 282, 283}]",[5890],CU
4G7S,"[{233, 282, 283}]",[5885],CU
3WI9,"[{135, 143, 148, 95}]",[2350],CU
5XDQ,"[{240, 290, 291}]",[14337],CU
6FOK,"[{89, 269, 93, 271}]",[5055],CU
2Q9O,"[{503, 508, 431}, {436, 140, 502}, {504, 138, 95}]","[9161, 9162, 9163]",CU
4W9Z,"[{240, 233, 194, 229}, {233, 229, 237, 231}]","[1091, 1092]",CU
1H1I,"[{112, 73, 66, 68}]",[5396],CU
2ZON,"[{144, 89, 130, 139}, {129, 300, 94}]","[8242, 8243]",CU
1WS8,"[{96, 91, 45, 86}]",[3219],CU
3GDC,"[{144, 99, 152}, {104, 282, 143}, {280, 145, 235}]","[6816, 6817, 6819]",CU
3K5T,"[{512, 675, 461, 510}]",[5643],CU
4J3R,"[{110, 102, 119}, {288, 312, 284}]","[2925, 2926]",CU
1X9R,"[{90, 44, 85, 95}]",[822],CU
1EHK,"[{233, 282, 283}]",[5914],CU
5Z0I,"[{54, 38, 63}, {216, 194, 190}, {97, 82, 84}]","[2760, 2761, 2781]",CU
5YT7,"[{64, 65, 3, 131}]",[1001],CU
1IBY,"[{98, 60, 103, 95}]",[2589],CU
5N0K,"[{162, 974, 1014}, {323, 275, 318}, {969, 1020, 1015}, {160, 1016, 103}, {679, 674, 631}, {512, 290, 292}]","[8326, 8327, 8329, 8330, 8331, 8334]",CU
2WQ8,"[{272, 496, 581, 495}]",[4826],CU
6TFO,"[{271, 276, 222, 263}, {227, 419, 262}, {80, 122, 117, 127}]","[9612, 9613, 9614]",CU
6JUB,"[{67, 94, 103}, {328, 372, 332}]","[8255, 8256]",CU
1PZS,"[{49, 126, 47}]",[1204],CU
1F56,"[{34, 84, 74, 79}]",[700],CU1
1RJU,"[{3, 20, 5}, {10, 5, 22}, {32, 10, 7}, {32, 26, 22}, {34, 20, 22}, {16, 10, 34}]","[257, 259, 260, 261, 262, 263]",CU1
2BZC,"[{90, 37, 87}]",[761],CU1
2QIF,"[{16, 13, 15}]",[1007],CU1
5C92,"[{120, 423, 335}]",[3642],CU1
5FJE,"[{26, 62, 87}, {48, 51, 103}, {48, 36, 37}]","[1559, 1566, 1568]",CU1
5KBL,"[{153, 75, 77}]",[1154],CU1
5MSZ,"[{184, 1, 91}]",[1504],CU1
5NQM,"[{58, 101, 114}]",[937],CU1
6L9S,"[{146, 77, 141}]",[910],CU1
6QVH,"[{100, 61, 38}, {114, 45, 111}, {104, 117, 61}, {104, 41, 114}, {57, 114, 107}]","[895, 898, 901, 902, 913]",CU1
5WS6,"[{272, 268, 214, 215}]",[20873],FE2
1YV1,"[{40, 73, 76, 149}, {152, 73, 115, 149}, {192, 177, 189, 174}]","[3096, 3097, 3098]",FE2
4QWT,"[{384, 570, 389, 693}]",[5423],FE2
4UF0,"[{2268, 1093, 1173, 1095}]",[3540],FE2
6VZY,"[{225, 311, 189, 215}, {281, 315, 318, 215}, {448, 409, 407}]","[7499, 7500, 7501]",FE2
4HSL,"[{128, 162, 125, 165}]",[1406],FE2
3N9N,"[{497, 567, 495}]",[4131],FE2
2GCU,"[{72, 153, 128}]",[3711],FE2
4O6J,"[{128, 130, 166, 86}, {82, 166, 101, 86}]","[1683, 1684]",FE2
5UQD,"[{1593, 1452, 1454}]",[2633],FE2
6IUQ,"[{155, 157, 214}]",[2418],FE2
2ZYQ,"[{145, 266, 215}]",[4658],FE2
1BIQ,"[{115, 84, 118}, {241, 115, 204}]","[5573, 5576]",FE2
4XPW,"[{77, 81, 117, 122, 62}, {62, 58, 22, 122}]","[1036, 1037]",FE2
4TLF,"[{89, 91, 142}]",[1546],FE2
6AX7,"[{825, 827, 877}]",[3266],FE2
5H2F,"[{272, 268, 214, 215}]",[20105],FE2
3RDE,"[{545, 361, 366, 663, 541}]",[4396],FE2
6NPC,"[{200, 341, 198}]",[5852],FE2
2Y0I,"[{201, 279, 199}]",[2885],FE2
5ZBE,"[{49, 43, 84, 45}]",[1620],FE2
1DQK,"[{41, 111, 16, 47, 114}, {16, 114, 111, 47}]","[4056, 4059]",FE2
4YSF,"[{88, 140, 86}]",[1517],FE2
1J8U,"[{290, 330, 285}]",[2517],FE2
3WSI,"[{225, 221, 71}]",[11659],FE2
6YPV,"[{187, 131, 133}]",[2877],FE
6VXT,"[{353, 108, 357}]",[15669],FE
6P5Q,"[{104, 194, 101}]",[7924],FE
1GV8,"[{194, 1253, 95}]",[1224],FE
1Y07,"[{70, 76, 50, 119, 122}]",[1849],FE
2CKF,"[{360, 212, 207}]",[14681],FE
6VK6,"[{144, 114, 147}, {144, 209, 243, 246}]","[17034, 17035]",FE
2Q0J,"[{159, 178, 69, 71}, {178, 73, 74, 221}]","[2438, 2439]",FE
4CYB,"[{104, 73, 100}]",[16412],FE
3BWW,"[{138, 59, 94}, {138, 171, 203, 270}]","[1986, 1987]",FE
4WX0,"[{104, 194, 101}]",[2085],FE
3V7P,"[{306, 61, 206, 63}]",[3243],FE
4D4Z,"[{89, 90, 207}, {56, 240, 241}]","[2194, 2195]",FE
5JCT,"[{56, 58, 101, 103}]",[2197],FE
6O6L,"[{153, 157, 62}]",[13078],FE
2W8S,"[{57, 12, 325, 324}]",[16335],FE
5HYG,"[{232, 236, 109, 144, 147}, {144, 236, 205, 239}]","[2253, 2254]",FE
4D7P,"[{99, 102, 40, 46, 19}]",[755],FE
4BRV,"[{109, 112, 50, 56, 25}]",[3972],FE
2V3B,"[{9, 42, 6, 39}]",[3294],FE
3KTC,"[{240, 204, 238}, {201, 229, 166, 270}]","[5217, 5218]",FE
3DCP,"[{123, 93, 181}, {8, 258, 93, 6}]","[2225, 2226]",FE
3HHY,"[{162, 220, 222}]",[2002],FE
3VTH,"[{483, 507, 734, 487}]",[6101],FE
3N1X,"[{104, 137, 134}, {234, 197, 134, 231}]","[7362, 7363]",FE
5N6X,"[{290, 212, 180}, {32, 395, 30}]","[6521, 6540]",MN
3N39,"[{192, 98, 67, 101, 158}, {192, 98, 195, 158}]","[6591, 6592]",MN
2CJ0,"[{104, 105, 108}]",[2394],MN
1WPN,"[{9, 75, 13}, {97, 75, 149, 15}]","[2910, 2911]",MN
3SL0,"[{216, 218, 323, 325}, {216, 193, 323, 220}]","[2416, 2417]",MN
6NVO,"[{112, 142, 156, 78}, {158, 33, 35, 78}]","[1588, 1589]",MN
1GA8,"[{105, 244, 103}]",[2243],MN
4GWD,"[{232, 234, 404, 124, 126}, {128, 101, 232, 404, 124}]","[2379, 2380]",MN
2JLC,"[{442, 469, 471}]",[8675],MN
6GHM,"[{64, 66, 92}, {124, 248, 92, 173}]","[3996, 3997]",MN
2Z7B,"[{163, 92, 94}]",[1852],MN
5U55,"[{128, 171, 132}]",[5891],MN
4I5L,"[{241, 117, 85, 167}, {57, 59, 85}]","[9935, 9936]",MN
5FZO,"[{2336, 2338, 2466}]",[2689],MN
3FCM,"[{129, 75, 43, 127}]",[1484],MN
3IDU,"[{525, 527, 530, 531, 439, 440}, {518, 521, 523, 525, 528}]","[916, 917]",MN
4NHX,"[{218, 155, 157}]",[3734],MN
4CCN,"[{340, 405, 342}]",[7417],MN
6J5X,"[{153, 122, 124}]",[4348],MN
1R8A,"[{59, 61, 110}]",[3631],MN
4HD0,"[{49, 84, 173, 206}, {8, 49, 10, 208}]","[5399, 5400]",MN
2V8T,"[{73, 36, 70}, {155, 188, 70}]","[4692, 4693]",MN
5H63,"[{241, 338, 340}]",[2530],MN
6OMP,"[{10, 12, 241, 308, 189}, {241, 308, 313, 311}, {312, 314, 260}]","[5566, 5567, 5568]",MN
5JTC,"[{103, 725, 679}]",[3579],MN
4R8Z,"[{220, 180, 221}, {249, 282, 221, 281}]","[3385, 3386]",NI
2QJV,"[{185, 170, 172, 228}]",[4196],NI
4QXH,"[{212, 284, 214}]",[3380],NI
3LHO,"[{40, 234, 164}]",[1994],NI
4XAA,"[{196, 125, 127}]",[1700],NI
5GOL,"[{1, 2, 5}]",[4069],NI
2RD9,"[{48, 146, 142}]",[3099],NI
4QXC,"[{212, 284, 214}]",[3380],NI
5U9E,"[{40, 34, 36, 74}]",[2544],NI
4LRL,"[{183, 66, 110, 111}]",[14717],NI
4UBP,"[{249, 275, 220}, {363, 137, 139, 220}]","[6056, 6057]",NI
4Q2C,"[{98, 99, 52, 237}, {138, 99, 172, 171}]","[7202, 7203]",NI
5J7M,"[{89, 49, 51, 55}]",[1872],NI
1B9N,"[{148, 146, 139, 140}]",[3794],NI
6W1K,"[{196, 60, 268}]",[4865],NI
2Y1V,"[{320, 438, 439, 441, 319}, {536, 489, 539, 308}]","[4576, 4577]",NI
5FLJ,"[{115, 76, 69, 71}]",[2944],NI
5JJT,"[{257, 338, 413, 289}, {257, 228, 230}]","[3714, 3715]",NI
1XCV,"[{105, 10, 102, 106}]",[1096],NI
2QE9,"[{124, 44, 128}]",[2716],NI
3DKQ,"[{96, 98, 157}]",[5198],NI
2OU6,"[{168, 172, 76}]",[1428],NI
2HKV,"[{48, 123, 127}]",[1197],NI
2Y3Y,"[{107, 88, 99, 101}]",[2633],NI
3DI5,"[{48, 131, 127}]",[1146],NI
1G5H,"[{96, 99, 93}]",[6373],NA
3IJM,"[{26, 83, 66}]",[2309],NA
4OFI,"[{130, 133, 126, 127}]",[1632],NA
3OTK,"[{176, 170, 173}]",[3062],NA
2WQK,"[{40, 10, 94}]",[3933],NA
1X0G,"[{35, 36, 38}]",[3302],NA
2YEQ,"[{517, 214, 175}]",[4389],NA
1EUT,"[{640, 528, 531, 533, 536, 639}]",[4535],NA
6AW4,"[{185, 188, 182, 183}]",[1675],NA
1X7D,"[{224, 227, 293}]",[5235],NA
3S9J,"[{49, 378, 46}]",[3004],NA
4I0W,"[{290, 291, 287}]",[4258],NA
2OKQ,"[{48, 49, 53}]",[1962],NA
6OQQ,"[{24, 18, 21}]",[14324],NA
6EBN,"[{632, 971, 629, 638}, {824, 825, 930}]","[15160, 15161]",NA
6KFN,"[{216, 219, 181}, {244, 276, 246}]","[4161, 4162]",NA
4NRH,"[{104, 107, 101}]",[3659],NA
1EZ1,"[{100, 101, 103}]",[5936],NA
4GYF,"[{18, 13, 15}]",[2177],NA
1XKN,"[{134, 117, 118}]",[2813],NA
3ZMD,"[{58, 53, 55}]",[2372],NA
5FFN,"[{184, 187, 182}]",[2755],NA
1ZH8,"[{211, 213, 216, 218, 220}]",[5026],NA
3FBX,"[{328, 249, 379}]",[4288],NA
3HTL,"[{449, 482, 454}]",[3200],NA
6BGC,"[{166, 71, 73, 75, 77}]",[5395],CA
1KYT,"[{8, 177, 178, 174}, {8, 10, 174, 175, 178}]","[3576, 3580]",CA
2VUV,"[{101, 112, 113, 93, 95}]",[992],CA
2VVD,"[{232, 296, 294}]",[1284],CA
6V98,"[{209, 223, 204, 207}]",[1432],CA
2QLT,"[{200, 41, 39}]",[1985],CA
2WZE,"[{42, 68, 69, 173}]",[4055],CA
3FIA,"[{66, 68, 70, 72, 77}]",[771],CA
3DEM,"[{140, 141, 144, 120, 121, 123}, {104, 49, 102, 57}, {216, 265, 226, 263}, {49, 102, 57}]","[4303, 4304, 4305, 4307]",CA
3PG2,"[{209, 210, 211, 218}, {358, 360, 362, 364, 366, 244}]","[2438, 2439]",CA
3KCP,"[{288, 290, 295, 284, 286}, {257, 262, 251, 253, 255}]","[3542, 3543]",CA
6OAE,"[{130, 16, 62, 91, 92, 94}, {16, 94, 60, 62}, {128, 130, 133, 182, 93, 95}]","[1624, 1625, 1626]",CA
6SUS,"[{1413, 1415, 1417, 1430, 1432, 1435}, {1448, 1450, 1453, 1431, 1433, 1435}, {1473, 1449, 1451, 1453, 1470}, {1547, 1549, 1552, 1530, 1532, 1534}, {1570, 1548, 1550, 1552, 1565, 1567}, {1568, 1570, 1583, 1585, 1588, 1566}, {1603, 1605, 1609, 1584, 1586, 1588}, {1609, 1654, 1652, 1606}, {1575, 1577, 1579, 1596, 1599}, {1574, 1576, 1579, 1557, 1559, 1561}, {1539, 1541, 1543, 1556, 1558, 1561}, {1441, 1444, 1422, 1424, 1426, 1439}, {1440, 1442, 1444, 1457, 1459, 1462}, {1477, 1479, 1482, 1458, 1460, 1462}, {1478, 1480, 1482, 1523, 1525}]","[1871, 1872, 1873, 1874, 1875, 1876, 1877, 1878, 1879, 1880, 1881, 1882, 1883, 1884, 1885]",CA
1CO7,"[{70, 72, 75, 77, 80}]",[1995],CA
1NZI,"[{134, 135, 138, 116, 117, 119}]",[2498],CA
1Z4Z,"[{250, 285, 253, 255}]",[3562],CA
5MQR,"[{458, 453, 598, 455}]",[8844],CA
5FYP,"[{48, 50, 27, 119}]",[2268],CA
6IDY,"[{377, 380, 382, 255}]",[3167],CA
6WXZ,"[{96, 168, 170, 172, 174}]",[4554],CA
5Y5S,"[{49, 51, 45, 46}]",[23381],CA
6KC2,"[{259, 260, 301, 303, 305}, {97, 98, 138, 143, 144}]","[2594, 2595]",CA
2VPT,"[{89, 73, 74, 87}]",[1576],CA
1SVY,"[{227, 229, 222}]",[773],CA
4CUA,"[{1636, 1509, 1637, 1495, 1498, 1500}]",[1378],CA
5CUY,"[{296, 328, 291}]",[12687],MG
3L23,"[{273, 306, 196, 247}]",[2185],MG
3SLR,"[{336, 228, 230}]",[3038],MG
2QLW,"[{88, 83, 86}]",[1776],MG
5HMQ,"[{239, 165, 134, 191}, {521, 443, 599}]","[9674, 9675]",MG
4HGN,"[{17, 19, 110}]",[5064],MG
6L57,"[{234, 230, 215}]",[5000],MG
6YU8,"[{1818, 1845, 1821}]",[3092],MG
6K4E,"[{600, 474, 653}, {474, 475, 477}]","[3806, 3807]",MG
6OKH,"[{106, 38, 79}]",[2792],MG
2IHU,"[{490, 492, 463}]",[16649],MG
4LZ0,"[{240, 248, 244}]",[2782],MG
2HX0,"[{100, 84, 86}]",[1048],MG
4C12,"[{177, 137, 115}]",[3916],MG
3DDH,"[{179, 11, 13}]",[3565],MG
4HPP,"[{187, 180, 133, 503}]",[3228],MG
3NO1,"[{241, 268, 215}]",[16538],MG
4DMZ,"[{362, 372, 399}]",[4177],MG
6CDW,"[{25, 27, 157}]",[1540],MG
6UPD,"[{20, 198, 22}]",[1909],MG
5E6U,"[{139, 141, 239}]",[7987],MG
3MYR,"[{1561, 1042, 1506}]",[6439],MG
1QS0,"[{242, 244, 213}]",[5767],MG
4F27,"[{216, 347, 219}]",[2637],MG
5EX2,"[{113, 131, 133}]",[4174],MG
1EGV,"[{296, 170, 362, 141, 221}, {280, 265, 261}]","[13304, 13418]",K
3TFZ,"[{34, 28, 31}]",[2582],K
6OXD,"[{160, 141, 159}]",[20115],K
4PU6,"[{66, 68, 61}, {112, 115, 117}]","[4234, 4246]",K
7C4I,"[{648, 651, 645}]",[963],K
6SJ9,"[{16, 81, 85}]",[4971],K
4IGL,"[{625, 631, 629, 623}, {1201, 163, 166, 1223}]","[16522, 16523]",K
4WFF,"[{240, 131, 239}, {129, 130, 238}]","[10385, 10389]",K
3P1V,"[{172, 175, 177, 275, 58}]",[6505],K
3IRP,"[{778, 780, 775}, {778, 771, 780, 775}, {705, 707, 709, 711, 713, 714}, {440, 496, 438}, {402, 531, 533, 399}]","[3279, 3280, 3281, 3282, 3283]",K
7ACC,"[{8, 9, 11, 14}]",[3398],K
5TO3,"[{423, 424, 426, 439, 440, 443}]",[3354],K
5FT0,"[{97, 100, 103}]",[4030],K
1H54,"[{488, 489, 588, 585}, {585, 489, 588}]","[12100, 12106]",K
4IA6,"[{370, 374, 367}]",[9317],K
6D1P,"[{176, 178, 173}, {80, 83, 77}]","[12625, 12641]",K
5YRT,"[{280, 265, 261}, {208, 203, 222}, {208, 203, 205, 222}]","[13319, 13320, 13435]",K
6VW8,"[{112, 123, 71}]",[4952],K
1WXX,"[{185, 187, 190}]",[6086],K
3ZED,"[{512, 514, 177, 182, 184, 409}, {704, 698, 203, 702}]","[6029, 6030]",K
4D4T,"[{96, 233, 94, 230}]",[1942],K
3V7P,"[{129, 132, 134}]",[3253],K
6XPH,"[{65, 67, 70}]",[1462],K
2C94,"[{73, 110, 70}, {137, 34, 130}]","[5301, 5408]",K
4DOO,"[{33, 34, 36, 38}]",[1614],K
1DY1,"[{142, 132, 134, 207}]",[1420],ZN
1EVX,"[{138, 132, 125, 134}, {41, 110, 100, 105}]","[2490, 2491]",ZN
1K24,"[{35, 13, 15}, {128, 69, 176}]","[1952, 1954]",ZN
1TJL,"[{114, 138, 117, 135}]",[1179],ZN
1VSR,"[{73, 66, 117, 71}]",[1097],ZN
1Y7P,"[{201, 204, 209}, {201, 202, 204, 207, 209}]","[3238, 3249]",ZN
2A0S,"[{48, 50, 36, 168}]",[2652],ZN
2CZR,"[{152, 164, 149, 168}]",[1831],ZN
2IYB,"[{361, 364, 388, 383}, {416, 394, 412, 391}]","[1358, 1359]",ZN
2XOC,"[{482, 476, 428, 431}, {488, 524, 485, 518}, {529, 524, 532, 487}, {601, 513, 604, 510}, {641, 649, 635, 655}]","[1700, 1701, 1702, 1703, 1704]",ZN
3AYV,"[{96, 136, 55}, {136, 162, 187, 223}, {196, 165, 198}]","[1895, 1896, 1897]",ZN
3BOC,"[{315, 325, 263}]",[1568],ZN
3FQQ,"[{80, 57, 59, 39}]",[2466],ZN
3IUI,"[{281, 219, 254, 327}, {281, 219, 254}]","[12994, 13000]",ZN
3LCN,"[{50, 61, 46}]",[1925],ZN
3Q1D,"[{138, 155, 141, 158}, {129, 146, 149, 126}]","[364, 365]",ZN
3T9O,"[{83, 52, 22, 79}]",[1837],ZN
4A7K,"[{337, 295, 215}, {343, 345, 347, 349, 351}, {632, 709, 630, 639}]","[6787, 6788, 6789]",ZN
4B6D,"[{300, 324, 327, 303}, {316, 319, 335, 287}]","[468, 469]",ZN
4L99,"[{338, 133, 303}]",[3035],ZN
4XGM,"[{578, 348, 557, 351}]",[2786],ZN
4XXB,"[{305, 322, 308, 319}]",[1543],ZN
4YRD,"[{288, 337, 295}]",[5560],ZN
5B0H,"[{120, 35, 39}]",[2044],ZN
5CGZ,"[{48, 17, 14, 127}]",[1905],ZN
5KDW,"[{696, 716, 700}]",[6860],ZN
5LY0,"[{42, 28, 38, 31}]",[3349],ZN
5MKW,"[{96, 99, 20, 23}]",[959],ZN
5VBN,"[{2161, 2190, 2187, 2158}, {2224, 2236, 2221, 2238}]","[4421, 4422]",ZN
5VMD,"[{888, 865, 868}, {872, 890, 899, 868}, {856, 873, 876, 853}]","[1118, 1119, 1120]",ZN
5YZ4,"[{142, 132, 134, 103}]",[1073],ZN
5ZB8,"[{139, 76, 84}, {8, 193, 10, 76}, {249, 252, 268, 271}]","[3163, 3164, 3165]",ZN
6AEF,"[{19, 124, 21, 135}]",[14159],ZN
6HTJ,"[{24, 41, 27, 38}]",[1964],ZN
6IU5,"[{113, 153, 116, 102}]",[1176],ZN
6R1G,"[{51, 140, 55}]",[1172],ZN
6UXU,"[{216, 257, 116, 117}]",[4614],ZN
7AGM,"[{51, 141, 86}]",[1583],ZN
7BY1,"[{113, 145, 107, 147}, {152, 145, 115, 142}]","[2336, 2337]",ZN
7CV0,"[{152, 91, 150}]",[1344],ZN
